SNR_dB,LS,LMMSE,AE 1,AE 2,MLP,channelNet,ISTANet
-4.0,27.822872,16.88999,3.7138157,8.968,10.111111,2.395838,10.174
-2.0,25.741142,16.442827,3.739729,7.0959864,6.549079,2.1907508,7.5188
0.0,23.817059,15.848467,3.7260504,3.9315562,4.1929774,2.0647318,5.9056
2.0,21.786613,14.8453,3.712804,1.5372479,3.0795007,1.9979463,4.7055
4.0,19.773853,13.6775,3.7007794,-0.4775077,1.1691438,1.9597087,3.3911
6.0,17.833263,12.363425,3.6900063,-2.190944,-0.07882532,1.9409916,2.3565
8.0,15.854569,11.015248,3.6852188,-2.8743055,-1.0498931,1.9451246,0.9998
10.0,13.723619,9.266468,3.6800375,-3.0673742,-2.117704,1.9506449,-0.0795
