SNR_dB,LS,LMMSE,AE 1,AE 2,MLP,channelNet,ISTANet
-4.0,27.822872,16.88999,8.968,9.106211,10.111111,2.395838,10.174
-2.0,25.741142,16.442827,7.0959864,6.61763,6.549079,2.1907508,7.5188
0.0,23.817059,15.848467,3.9315562,3.8293633,4.1929774,2.0647318,5.9056
2.0,21.786613,14.8453,1.5372479,1.0577343,3.0795007,1.9979463,4.7055
4.0,19.773853,13.6775,-0.4775077,-0.83544934,1.1691438,1.9597087,3.3911
6.0,17.833263,12.363425,-2.190944,-2.3242216,-0.07882532,1.9409916,2.3565
8.0,15.854569,11.015248,-2.8743055,-2.9475937,-1.0498931,1.9451246,0.9998
10.0,13.723619,9.266468,-3.0673742,-3.003624,-2.117704,1.9506449,-0.0795
