SNR_dB,LS,LMMSE,AE 2,MLP,channelNet,ISTANet
-4.0,27.822872,16.88999,9.106211,10.026526,12.8535385,10.174
-2.0,25.741142,16.442827,6.61763,6.3835974,10.731388,7.5188
0.0,23.817059,15.848467,3.8293633,4.138638,8.933279,5.9056
2.0,21.786613,14.8453,1.0577343,2.2707534,6.544038,4.7055
4.0,19.773853,13.6775,-0.83544934,1.3489263,4.9803357,3.3911
6.0,17.833263,12.363425,-2.3242216,0.010249095,3.2596698,2.3565
8.0,15.854569,11.015248,-2.9475937,-1.0680854,2.0081658,0.9998
10.0,13.723619,9.266468,-3.003624,-2.0834825,1.0957559,-0.0795
