SNR_dB,LS,LMMSE,AE 2,MLP,channelNet,ISTANet
-4.0,7.8973713,-14.022055,-15.428005,-15.111146,-15.2742405,-12.7118
-2.0,5.9143934,-15.696031,-18.006966,-17.936468,-18.023226,-15.6712
0.0,3.9058237,-17.729511,-20.278934,-20.302063,-20.412523,-18.2572
2.0,1.9086702,-19.809305,-22.273085,-22.017296,-21.978827,-20.8751
4.0,-0.0681397,-21.498373,-23.926851,-23.901176,-23.768524,-22.8632
6.0,-2.0893352,-23.447548,-26.149532,-26.337791,-25.9894,-25.0052
8.0,-4.061289,-25.66468,-28.109283,-27.933994,-27.409706,-26.6167
10.0,-6.082173,-27.426453,-29.57088,-29.81211,-29.203741,-28.6719
